City_ID,City,Country,Lat,Lng,Max Temp,Humidity,Cloudiness,Wind Speed,Current Description
0,Port Alfred,ZA,-33.5906,26.891,63.18,83,51,7.0,broken clouds
1,Lima,PE,-12.0432,-77.0282,73.9,62,100,12.66,overcast clouds
2,Ponta Do Sol,PT,32.6667,-17.1,72.72,81,57,4.68,broken clouds
3,Albany,US,42.6001,-73.9662,48.02,46,1,4.63,clear sky
4,Avarua,CK,-21.2078,-159.775,73.45,78,40,9.22,scattered clouds
5,Ushuaia,AR,-54.8,-68.3,48.76,65,64,6.53,light rain
6,Khatanga,RU,71.9667,102.5,-11.51,100,100,3.15,overcast clouds
7,Zyryanka,RU,65.75,150.85,-2.18,96,100,9.31,overcast clouds
8,New Norfolk,AU,-42.7826,147.0587,62.1,91,100,3.47,overcast clouds
9,Kodiak,US,57.79,-152.4072,36.91,87,100,14.97,light rain
10,Hobyo,SO,5.3505,48.5268,80.6,69,5,13.6,clear sky
11,Skowhegan,US,44.7651,-69.7192,46.45,52,0,3.89,clear sky
12,Kulunda,RU,52.566,78.9385,25.23,83,95,8.97,overcast clouds
13,Fiumicino,IT,41.7675,12.2291,64.63,82,75,4.61,broken clouds
14,Port Elizabeth,ZA,-33.918,25.5701,65.1,88,19,7.0,few clouds
15,Qaanaaq,GL,77.484,-69.3632,-11.58,60,48,7.54,scattered clouds
16,Harnosand,SE,62.6323,17.9379,39.99,94,100,13.18,overcast clouds
17,Katsuura,JP,35.1333,140.3,63.66,74,61,11.3,broken clouds
18,Petatlan,MX,17.5167,-101.2667,89.4,61,24,4.38,few clouds
19,Morristown,US,36.214,-83.2949,70.38,24,0,8.05,clear sky
20,Rikitea,PF,-23.1203,-134.9692,73.74,88,100,5.61,overcast clouds
21,Barrow,US,71.2906,-156.7887,30.22,86,0,13.8,clear sky
22,Comacchio,IT,44.6975,12.1858,62.01,74,71,5.88,broken clouds
23,Pacific Grove,US,36.6177,-121.9166,53.42,87,20,5.01,few clouds
24,Arlit,NE,18.7369,7.3853,84.38,10,0,7.76,clear sky
25,East London,ZA,-33.0153,27.9116,67.44,69,99,17.29,overcast clouds
26,Kashi,CN,39.4547,75.9797,42.12,20,29,9.26,scattered clouds
27,Hirara,JP,24.8,125.2833,76.73,82,67,16.51,broken clouds
28,Ahipara,NZ,-35.1667,173.1667,56.95,93,49,7.96,scattered clouds
29,Uchaly,RU,54.2996,59.4521,30.34,85,100,12.77,overcast clouds
30,Chokurdakh,RU,70.6333,147.9167,-8.21,99,69,8.41,broken clouds
31,Clyde River,CA,70.4692,-68.5914,-5.84,84,65,8.46,broken clouds
32,Lazaro Cardenas,MX,17.9583,-102.2,84.24,66,72,1.88,broken clouds
33,Rosarito,MX,32.3333,-117.0333,59.97,62,45,15.37,scattered clouds
34,Mataura,NZ,-46.1927,168.8643,35.94,98,5,2.17,clear sky
35,Jamestown,US,42.097,-79.2353,59.02,28,0,12.66,clear sky
36,Puerto Ayora,EC,-0.7393,-90.3518,75.16,82,16,5.01,few clouds
37,Sawakin,SD,19.1059,37.3321,83.53,73,28,7.11,scattered clouds
38,Veraval,IN,20.9,70.3667,78.8,71,1,5.66,clear sky
39,Bakel,SN,14.905,-12.4568,98.04,8,2,11.72,clear sky
40,Bluff,NZ,-46.6,168.3333,43.95,76,4,2.71,clear sky
41,Auray,FR,47.6703,-2.9918,56.79,82,3,8.37,clear sky
42,Atuona,PF,-9.8,-139.0333,77.38,68,71,17.87,broken clouds
43,Busselton,AU,-33.65,115.3333,56.48,83,6,6.06,clear sky
44,Buturlino,RU,55.5667,44.8974,40.15,96,100,9.4,overcast clouds
45,Alsfeld,DE,50.75,9.2667,55.31,89,100,4.0,overcast clouds
46,Antalaha,MG,-14.9003,50.2788,71.94,86,61,7.52,broken clouds
47,Mocuba,MZ,-16.8392,36.9856,75.51,75,100,6.98,overcast clouds
48,Aswan,EG,24.0934,32.907,73.94,33,0,10.07,clear sky
49,Ranong,TH,9.9658,98.6348,76.08,84,56,4.36,broken clouds
50,Provideniya,RU,64.3833,-173.3,23.88,93,99,3.94,overcast clouds
51,North Platte,US,41.1239,-100.7654,65.07,66,100,18.86,overcast clouds
52,Saint George,US,37.1041,-113.5841,46.99,77,75,5.75,broken clouds
53,Mar Del Plata,AR,-38.0023,-57.5575,80.83,75,0,18.41,clear sky
54,Sergeyevka,KZ,53.88,67.4158,27.01,92,100,11.59,overcast clouds
55,Constitucion,CL,-35.3333,-72.4167,56.1,88,100,14.12,overcast clouds
56,Cape Town,ZA,-33.9258,18.4232,65.12,61,34,11.01,scattered clouds
57,Bredasdorp,ZA,-34.5322,20.0403,60.85,55,97,9.95,overcast clouds
58,Kuytun,RU,54.3419,101.5036,21.9,84,90,3.33,overcast clouds
59,Ziro,IN,27.6333,93.8333,48.11,84,68,1.05,broken clouds
60,Maniitsoq,GL,65.4167,-52.9,21.15,42,100,3.98,overcast clouds
61,Moindou,NC,-21.6924,165.677,71.94,87,82,6.2,broken clouds
62,Saint-Philippe,RE,-21.3585,55.7679,74.79,80,71,8.66,broken clouds
63,Champerico,GT,14.3,-91.9167,88.34,68,26,2.15,scattered clouds
64,Upernavik,GL,72.7868,-56.1549,12.04,89,100,2.26,light snow
65,Kapaa,US,22.0752,-159.319,75.52,87,20,14.97,few clouds
66,Lebu,CL,-37.6167,-73.65,59.94,70,88,14.94,overcast clouds
67,Thompson,CA,55.7435,-97.8558,9.55,89,91,8.16,overcast clouds
68,Khorramshahr,IR,30.4397,48.1664,69.75,13,97,8.23,overcast clouds
69,Laguna,US,38.421,-121.4238,52.09,85,0,10.36,clear sky
70,Oistins,BB,13.0667,-59.5333,81.19,78,100,17.98,overcast clouds
71,Vila Velha,BR,-20.3297,-40.2925,78.94,77,99,1.99,overcast clouds
72,Mayo,US,38.8876,-76.5119,59.11,60,0,5.75,clear sky
73,Tukrah,LY,32.5341,20.5791,67.62,73,0,10.04,clear sky
74,Umea,SE,63.8284,20.2597,33.91,100,100,8.05,overcast clouds
75,Pekin,CN,39.9075,116.3972,48.09,43,99,2.73,light rain
76,Talant,FR,47.3369,5.0089,54.41,94,100,6.91,overcast clouds
77,Coquimbo,CL,-29.9533,-71.3436,56.93,94,100,12.66,overcast clouds
78,Guaruja,BR,-23.9931,-46.2564,76.84,65,17,5.99,few clouds
79,Hammerfest,NO,70.6634,23.6821,32.45,86,40,5.75,scattered clouds
80,Whyalla,AU,-33.0333,137.5833,67.55,80,74,1.83,broken clouds
81,Porto Novo,BJ,6.4965,2.6036,82.26,75,86,9.01,overcast clouds
82,Ous,RU,60.9058,61.5186,31.71,97,100,2.77,overcast clouds
83,Kaitangata,NZ,-46.2817,169.8464,38.48,91,6,3.33,clear sky
84,Saldanha,ZA,-33.0117,17.9442,60.57,73,2,17.38,clear sky
85,Alofi,NU,-19.0595,-169.9187,76.03,76,66,23.29,broken clouds
86,Paso De Los Toros,UY,-32.8167,-56.5167,76.08,38,63,13.58,broken clouds
87,Vaini,TO,-21.2,-175.2,73.56,94,75,5.75,broken clouds
88,Makakilo City,US,21.3469,-158.0858,75.52,70,20,9.22,few clouds
89,Punta Arenas,CL,-53.15,-70.9167,53.62,57,75,23.02,broken clouds
90,Alta,NO,69.9689,23.2717,29.46,93,75,2.3,broken clouds
91,Mimongo,GA,-1.6195,11.6068,71.64,96,96,1.81,light rain
92,Cherskiy,RU,68.75,161.3,-4.09,100,100,2.82,overcast clouds
93,Tuktoyaktuk,CA,69.4541,-133.0374,13.51,96,74,3.42,broken clouds
94,Olafsvik,IS,64.8945,-23.7142,40.77,89,97,20.38,overcast clouds
95,Castro,BR,-24.7911,-50.0119,74.71,35,1,7.07,clear sky
96,Necochea,AR,-38.5473,-58.7368,81.25,30,60,12.39,broken clouds
97,Barcelona,ES,41.3888,2.159,71.85,55,20,5.75,few clouds
98,Saskylakh,RU,71.9167,114.0833,-23.57,100,25,5.26,scattered clouds
99,Nanzhou,CN,29.3596,112.4024,69.33,54,0,4.21,clear sky
100,Kahului,US,20.8947,-156.47,76.84,74,20,13.8,few clouds
101,Leningradskiy,RU,69.3833,178.4167,5.61,85,100,7.85,overcast clouds
102,Longyearbyen,SJ,78.2186,15.6401,21.04,73,0,10.36,clear sky
103,Kazachinskoye,RU,57.6953,93.2761,25.59,86,100,8.66,overcast clouds
104,Kerepehi,NZ,-37.3,175.5333,61.05,97,21,3.56,few clouds
105,Vieste,IT,41.8825,16.175,63.03,70,86,8.81,overcast clouds
106,Sovetskiy,RU,61.3614,63.5842,29.08,99,100,3.11,overcast clouds
107,Pangoa,PE,-12.1167,-73.0,91.04,36,25,4.9,scattered clouds
108,Pevek,RU,69.7008,170.3133,-9.15,100,100,3.53,overcast clouds
109,Labuhan,ID,-6.8844,112.2051,80.96,77,100,5.37,overcast clouds
110,Georgetown,MY,5.4112,100.3354,81.9,86,20,0.0,few clouds
111,Naze,JP,28.3667,129.4833,69.66,77,100,12.75,overcast clouds
112,Rovaniemi,FI,66.5,25.7167,27.81,100,100,10.36,light snow
113,Norman Wells,CA,65.282,-126.8329,8.42,91,72,3.62,broken clouds
114,Dikson,RU,73.5069,80.5464,5.52,85,100,8.43,overcast clouds
115,Waipawa,NZ,-41.4122,175.5153,51.62,89,91,14.63,overcast clouds
116,Camana,PE,-16.6228,-72.7111,68.88,69,18,8.21,few clouds
117,Salinas,US,36.6777,-121.6555,53.51,83,20,8.05,few clouds
118,Banjar,ID,-8.19,114.9675,77.22,89,99,2.24,overcast clouds
119,Taoudenni,ML,22.6783,-3.9836,86.34,9,64,7.56,broken clouds
120,Kavieng,PG,-2.5744,150.7967,82.35,75,93,4.92,overcast clouds
121,Hermanus,ZA,-34.4187,19.2345,60.8,64,71,10.56,broken clouds
122,Sao Filipe,CV,14.8961,-24.4956,79.07,66,100,4.99,overcast clouds
123,Chambar,PK,25.2931,68.812,79.7,35,0,3.85,clear sky
124,Tautira,PF,-17.7333,-149.15,76.59,82,23,13.53,light rain
125,Airai,TL,-8.9266,125.4092,61.88,94,26,0.98,scattered clouds
126,Dingle,PH,10.9995,122.6711,76.93,91,99,7.25,light rain
127,Torbay,CA,47.6666,-52.7314,38.75,70,75,32.21,broken clouds
128,Fairbanks,US,64.8378,-147.7164,21.16,90,75,0.0,broken clouds
129,Villamontes,BO,-21.25,-63.5,101.64,21,5,17.27,clear sky
130,Port Macquarie,AU,-31.4333,152.9167,57.88,79,21,3.76,few clouds
131,Acapulco,MX,16.8634,-99.8901,84.02,74,0,9.22,clear sky
132,Nova Olinda Do Norte,BR,-3.8881,-59.0942,93.65,43,90,3.74,overcast clouds
133,Indiana,US,40.0003,-86.2503,65.97,35,100,4.61,overcast clouds
134,Grindavik,IS,63.8424,-22.4338,41.47,87,0,5.75,clear sky
135,Pakokku,MM,21.3333,95.1,73.74,69,0,1.45,clear sky
136,Hithadhoo,MV,-0.6,73.0833,81.91,76,93,15.79,overcast clouds
137,Zhoucheng,CN,35.9122,116.3117,59.02,67,99,4.94,moderate rain
138,Bathsheba,BB,13.2167,-59.5167,81.57,79,99,17.4,overcast clouds
139,Hobart,AU,-42.8794,147.3294,62.46,63,92,14.97,overcast clouds
140,Isangel,VU,-19.55,169.2667,76.26,89,12,6.8,few clouds
141,Kaina,NG,12.6374,8.5873,83.88,19,4,4.14,clear sky
142,Bairiki,KI,1.3292,172.9752,80.6,78,40,11.5,scattered clouds
143,Avera,US,33.194,-82.5271,62.11,51,100,17.43,overcast clouds
144,Beloha,MG,-25.1667,45.05,79.14,59,72,5.66,broken clouds
145,Banda Aceh,ID,5.5577,95.3222,78.96,83,90,5.73,overcast clouds
146,Jiamusi,CN,46.8333,130.35,30.97,46,52,6.93,broken clouds
147,Katunino,RU,64.3862,40.6298,31.89,99,100,2.59,light snow
148,Killybegs,IE,54.6333,-8.45,51.51,84,99,20.18,overcast clouds
149,Beringovskiy,RU,63.05,179.3167,17.91,92,100,5.48,overcast clouds
150,Hilo,US,19.7297,-155.09,69.62,90,100,8.05,light rain
151,Cidreira,BR,-30.1811,-50.2056,67.08,78,58,10.6,broken clouds
152,Luanda,AO,-8.8368,13.2343,78.1,76,17,15.88,few clouds
153,Viedma,AR,-40.8135,-62.9967,86.99,22,100,17.2,overcast clouds
154,Mahebourg,MU,-20.4081,57.7,73.69,78,20,2.3,few clouds
155,Codrington,AU,-38.2667,141.9667,72.1,49,100,17.16,light rain
156,Carnarvon,AU,-24.8667,113.6333,66.16,71,24,13.44,few clouds
157,Cumpas,MX,29.9833,-109.7833,68.47,56,38,8.21,scattered clouds
158,Hidalgotitlan,MX,17.7833,-94.6333,73.42,78,6,4.83,moderate rain
159,Prince Albert,CA,53.2001,-105.7677,-0.47,95,24,3.58,few clouds
160,Ilulissat,GL,69.2167,-51.1,-9.69,77,14,5.55,few clouds
161,Agadez,NE,19.75,10.25,73.29,18,1,8.34,clear sky
162,Sena Madureira,BR,-9.0656,-68.6569,104.07,23,16,2.13,few clouds
163,Geraldton,AU,-28.7667,114.6,54.01,87,2,4.61,clear sky
164,Tasiilaq,GL,65.6145,-37.6368,32.16,75,99,6.22,overcast clouds
165,Kuandian,CN,40.7286,124.7847,46.69,86,99,2.39,light rain
166,Nyurba,RU,63.2842,118.3319,11.79,96,100,5.17,overcast clouds
167,Santa Marinella,IT,42.0345,11.8536,65.68,86,100,8.01,overcast clouds
168,Panlaitan,PH,12.1191,119.8486,82.4,75,94,2.91,overcast clouds
169,Tiksi,RU,71.6872,128.8694,-9.38,95,100,8.46,overcast clouds
170,Malente,DE,54.1712,10.5552,55.87,89,84,12.35,broken clouds
171,Dukat,RU,62.55,155.55,-13.0,97,100,5.17,overcast clouds
172,Cayhagan,PH,9.6697,122.4256,79.21,84,98,6.22,light rain
173,Inirida,CO,3.8653,-67.9239,83.48,83,83,3.22,moderate rain
174,Namatanai,PG,-3.6667,152.4333,80.24,80,68,4.23,light rain
175,Smithers,CA,54.7804,-127.1743,8.6,84,17,1.41,few clouds
176,Port Lincoln,AU,-34.7333,135.8667,62.11,80,91,14.76,overcast clouds
177,Kargasok,RU,59.0556,80.8572,25.14,91,100,10.49,overcast clouds
178,Arman,RU,59.7,150.1667,-3.3,85,6,10.04,clear sky
179,Caravelas,BR,-17.7125,-39.2481,80.29,64,89,8.05,overcast clouds
180,Chicama,PE,-7.8447,-79.1469,64.94,58,91,10.22,overcast clouds
181,Maningrida,AU,-12.0667,134.2667,82.0,76,76,4.76,broken clouds
182,Richards Bay,ZA,-28.783,32.0377,72.52,88,30,11.68,scattered clouds
183,Kieta,PG,-6.2167,155.6333,78.85,81,62,3.47,broken clouds
184,Honiara,SB,-9.4333,159.95,76.95,90,99,1.07,overcast clouds
185,Lagoa,PT,39.05,-27.9833,66.15,80,79,15.95,broken clouds
186,Auki,SB,-8.7676,160.7034,75.69,93,100,2.3,heavy intensity rain
187,Luderitz,NA,-26.6481,15.1594,65.26,61,100,24.23,overcast clouds
188,Sabha,LY,27.0377,14.4283,68.88,40,1,7.07,clear sky
189,Haines Junction,CA,60.7522,-137.5108,13.39,96,100,1.9,overcast clouds
190,Aklavik,CA,68.2191,-135.0107,7.29,90,5,7.27,clear sky
191,Yar-Sale,RU,66.8333,70.8333,-0.85,98,24,4.59,few clouds
192,Arraial Do Cabo,BR,-22.9661,-42.0278,76.86,69,40,14.97,light rain
193,Tiarei,PF,-17.5333,-149.3333,80.62,81,12,13.51,few clouds
194,Sabang,ID,5.8933,95.3214,81.23,77,67,8.05,broken clouds
195,Tezu,IN,27.9167,96.1667,65.17,59,47,4.07,scattered clouds
196,Kurilsk,RU,45.2333,147.8833,45.46,77,80,13.71,light rain
197,Makasar,ID,-5.14,119.4221,78.13,83,100,4.25,overcast clouds
198,Pitimbu,BR,-7.4706,-34.8086,86.59,65,14,10.6,few clouds
199,Ribeira Grande,PT,38.5167,-28.7,68.4,88,75,15.01,broken clouds
200,Evensk,RU,61.95,159.2333,7.65,93,100,5.99,overcast clouds
201,Trairi,BR,-3.2778,-39.2689,86.74,56,86,14.97,overcast clouds
202,Bethel,US,41.3712,-73.414,52.18,39,0,3.0,clear sky
203,Primorsko-Akhtarsk,RU,46.0497,38.1747,47.64,78,13,10.45,few clouds
204,Cabo San Lucas,MX,22.8909,-109.9124,80.62,61,40,3.44,scattered clouds
205,Piacabucu,BR,-10.4056,-36.4344,83.68,62,16,11.1,few clouds
206,Mana,GF,5.6592,-53.7767,79.99,81,100,7.78,overcast clouds
207,Najran,SA,17.4924,44.1277,73.18,23,5,4.45,clear sky
208,Lufilufi,WS,-13.8745,-171.5986,74.98,81,72,9.93,broken clouds
209,Nikolskoye,RU,59.7035,30.7861,50.92,90,98,9.26,overcast clouds
210,Jibuti,DJ,11.5,42.5,75.54,69,3,16.26,clear sky
211,Raja Jang,PK,31.2208,74.2519,66.33,46,9,4.27,clear sky
212,Nambucca Heads,AU,-30.65,153.0,60.8,74,99,5.03,overcast clouds
213,Guerrero Negro,MX,27.9769,-114.0611,68.49,60,84,14.09,broken clouds
214,Talnakh,RU,69.4865,88.3972,-14.58,100,88,3.49,overcast clouds
215,Sioux Lookout,CA,50.1001,-91.917,37.47,93,100,5.75,overcast clouds
216,Ajdabiya,LY,30.7554,20.2263,69.24,67,1,10.76,clear sky
217,Iqaluit,CA,63.7506,-68.5145,7.83,88,98,17.67,overcast clouds
218,Cruzeiro Do Sul,BR,-29.5128,-51.9853,77.52,60,72,7.2,broken clouds
219,Bitung,ID,1.4451,125.1824,76.05,83,99,3.47,overcast clouds
220,Paris,FR,48.8534,2.3488,57.97,76,0,6.91,clear sky
221,Marzuq,YE,14.4,46.4667,69.13,65,5,7.27,clear sky
222,Karpathos,GR,35.507,27.2132,66.16,63,0,16.11,clear sky
223,Finnsnes,NO,69.2296,17.9811,32.61,89,17,6.53,few clouds
224,Vardo,NO,70.3705,31.1107,40.98,75,75,19.57,broken clouds
225,San Vicente,AR,-26.6167,-54.1333,81.91,24,3,2.82,clear sky
226,Payo,ID,-3.7508,103.6372,73.11,100,100,1.01,moderate rain
227,Souillac,MU,-20.5167,57.5167,73.78,78,20,2.3,few clouds
228,Khorixas,NA,-20.3667,14.9667,78.69,27,0,21.97,clear sky
229,Redmond,US,47.674,-122.1215,40.95,81,5,1.48,clear sky
230,Volovo,UA,48.5246,23.5056,45.37,85,66,3.31,broken clouds
231,Manacapuru,BR,-3.2997,-60.6206,89.02,56,61,3.53,broken clouds
232,Ergani,TR,38.2653,39.7621,52.09,72,99,5.23,overcast clouds
233,Saint-Augustin,CA,51.226,-58.6502,34.07,37,6,20.13,clear sky
234,Xai-Xai,MZ,-25.0519,33.6442,79.93,76,55,12.17,broken clouds
235,Khandyga,RU,62.6667,135.6,-33.39,99,72,2.35,broken clouds
236,Katangli,RU,51.7102,143.2326,32.92,82,100,15.05,overcast clouds
237,Skegness,GB,53.1436,0.3363,51.87,75,71,16.22,broken clouds
238,Bambous Virieux,MU,-20.3428,57.7575,73.65,78,20,2.3,few clouds
239,Karlovo,BG,42.6333,24.8,53.58,75,17,1.21,few clouds
240,Hami,CN,42.8,93.45,43.41,47,77,1.57,broken clouds
241,Tortoli,IT,39.9256,9.6572,66.02,80,100,3.27,overcast clouds
242,Nuuk,GL,64.1835,-51.7216,18.21,57,75,9.22,broken clouds
243,Axim,GH,4.8699,-2.2405,81.05,73,36,10.94,scattered clouds
244,Okato,NZ,-39.2,173.8833,62.91,100,52,14.99,broken clouds
245,Coihaique,CL,-45.5752,-72.0662,58.95,55,100,11.5,overcast clouds
246,Kangaba,ML,11.9333,-8.4167,91.31,13,29,5.17,scattered clouds
247,Sitka,US,57.0531,-135.33,37.29,60,100,5.75,overcast clouds
248,Butaritari,KI,3.0707,172.7902,80.76,80,82,13.27,broken clouds
249,Tamahu,GT,15.3333,-90.1667,65.79,56,21,2.71,few clouds
250,Tabatinga,BR,-4.2525,-69.9381,93.29,58,40,5.75,scattered clouds
251,Paamiut,GL,61.994,-49.6678,24.21,68,100,9.28,overcast clouds
252,Magadan,RU,59.5667,150.8,1.18,79,23,8.52,few clouds
253,Luwingu,ZM,-10.2621,29.9271,66.79,83,100,10.09,light rain
254,Ketchikan,US,55.3422,-131.6461,27.07,80,0,0.0,clear sky
255,Sechura,PE,-5.5569,-80.8222,76.42,56,36,10.6,scattered clouds
256,Marsa Matruh,EG,31.3525,27.2453,68.29,58,0,10.31,clear sky
257,Consuegra,ES,39.4625,-3.608,59.32,60,92,6.62,overcast clouds
258,Tsaratanana,MG,-16.7833,47.65,83.39,46,98,6.42,overcast clouds
259,Tonj,SS,7.2737,28.6822,80.89,55,83,2.86,broken clouds
260,Galveston,US,29.3669,-94.9669,83.17,82,0,10.36,clear sky
261,Novobirilyussy,RU,56.9514,90.6661,26.15,90,100,8.63,overcast clouds
262,Gayny,RU,60.3071,54.3241,33.91,99,100,5.46,light snow
263,Donskoye,RU,45.4552,41.9741,42.93,85,78,8.68,broken clouds
264,Launceston,AU,-41.45,147.1667,60.8,82,30,3.44,scattered clouds
265,Bodden Town,KY,19.2833,-81.25,86.0,60,40,8.05,scattered clouds
266,Balikpapan,ID,-1.2675,116.8289,76.19,100,75,6.91,thunderstorm with rain
267,Haapiti,PF,-17.5667,-149.8667,80.33,77,10,9.15,clear sky
268,Bengkulu,ID,-3.8004,102.2655,75.16,93,100,3.87,light rain
269,Soe,ID,-9.8607,124.284,67.78,94,35,1.52,scattered clouds
270,Suleja,NG,9.1758,7.1808,82.29,39,56,3.98,broken clouds
271,Shelbyville,US,35.4834,-86.4603,74.48,33,0,5.01,clear sky
272,Nanortalik,GL,60.1432,-45.2371,34.07,78,100,7.23,overcast clouds
273,San Patricio,US,28.017,-97.5169,84.07,58,86,14.09,overcast clouds
274,Quelimane,MZ,-17.8786,36.8883,73.81,80,51,2.21,light rain
275,Ryotsu,JP,38.0833,138.4333,54.52,68,65,4.32,broken clouds
276,Fortuna,US,40.5982,-124.1573,49.93,96,75,5.75,broken clouds
277,Kavaratti,IN,10.5669,72.642,82.85,67,11,4.38,few clouds
278,Rimbey,CA,52.6334,-114.2353,-8.93,97,39,7.05,scattered clouds
279,Carutapera,BR,-1.195,-46.02,86.27,54,10,11.01,clear sky
280,Riyadh,SA,24.6877,46.7219,78.94,17,22,10.69,few clouds
281,Kuching,MY,1.55,110.3333,75.42,100,40,2.3,moderate rain
282,Koulamoutou,GA,-1.1303,12.4736,74.71,90,96,1.45,light rain
283,Manta,EC,-0.95,-80.7333,76.78,69,75,9.22,broken clouds
284,Yantal,RU,56.8471,105.2542,11.39,98,89,3.91,overcast clouds
285,Balakhninskiy,RU,58.0106,114.2769,5.92,99,96,1.43,overcast clouds
286,Vao,NC,-22.6667,167.4833,73.13,81,39,15.43,scattered clouds
287,Barcelos,PT,41.5388,-8.6151,62.74,91,87,4.21,overcast clouds
288,Sierpc,PL,52.8568,19.6691,48.81,79,96,7.67,light rain
289,Padang,ID,-0.9492,100.3543,77.05,88,100,3.22,light rain
290,Morgan City,US,29.6994,-91.2068,84.0,43,2,10.85,clear sky
291,Morondava,MG,-20.2833,44.2833,81.27,74,3,7.96,clear sky
292,Poya,NC,-21.35,165.15,72.14,87,96,7.2,overcast clouds
293,Aguimes,ES,27.9054,-15.4461,73.65,64,20,21.85,few clouds
294,Meulaboh,ID,4.1363,96.1285,77.52,89,92,5.5,overcast clouds
295,Przhevalskoye,RU,55.5093,31.8482,45.54,86,100,9.55,overcast clouds
296,Shagamu,NG,6.8432,3.6478,80.04,79,74,5.97,moderate rain
297,Yellowknife,CA,62.456,-114.3525,13.6,90,100,12.03,overcast clouds
298,Chuy,UY,-33.6971,-53.4616,70.38,53,0,12.37,clear sky
299,Ravar,IR,31.2656,56.8055,58.26,35,2,1.57,clear sky
300,Marystown,CA,47.1666,-55.1483,37.85,100,22,10.0,few clouds
301,Bilma,NE,18.6853,12.9164,78.51,16,0,8.16,clear sky
302,Santa Cruz De La Palma,ES,28.6835,-17.7642,73.54,68,20,12.66,few clouds
303,Key Largo,US,25.0865,-80.4473,80.6,93,100,22.97,overcast clouds
304,Victoria,HK,22.2855,114.1577,75.38,85,0,11.01,clear sky
305,Te Anau,NZ,-45.4167,167.7167,38.17,94,13,2.98,few clouds
306,Vestmannaeyjar,IS,63.4427,-20.2734,45.59,87,75,18.41,broken clouds
307,Arona,ES,28.0996,-16.681,70.12,76,20,20.71,few clouds
308,Bolitoc,PH,15.7395,119.8769,79.16,83,94,6.13,overcast clouds
309,Sao Joao Da Barra,BR,-21.6403,-41.0511,75.29,72,100,14.07,overcast clouds
310,Rusape,ZW,-18.5278,32.1284,63.95,91,100,2.08,moderate rain
311,Nieuw Amsterdam,SR,5.8833,-55.0833,88.14,82,97,7.49,overcast clouds
312,Warmbad,NA,-28.45,18.7333,77.88,16,91,12.24,overcast clouds
313,Uvat,RU,59.1433,68.8953,31.73,99,100,7.16,light snow
314,Liepaja,LV,56.5419,21.0367,51.78,93,100,8.05,overcast clouds
315,Marovoay,MG,-16.1,46.6333,80.49,70,49,9.4,scattered clouds
316,San Quintin,MX,30.4833,-115.95,65.48,65,89,15.73,overcast clouds
317,Los Llanos De Aridane,ES,28.6585,-17.9182,69.55,84,20,12.66,few clouds
318,Hasaki,JP,35.7333,140.8333,54.21,66,37,7.27,scattered clouds
319,Khingansk,RU,49.1167,131.1833,19.51,65,0,11.63,clear sky
320,Cap Malheureux,MU,-19.9842,57.6142,72.46,70,72,1.01,broken clouds
321,Benguela,AO,-12.5763,13.4055,76.84,70,42,9.46,scattered clouds
322,Nabari,JP,34.6167,136.0833,51.03,66,32,1.81,scattered clouds
323,Sakakah,SA,29.9697,40.2064,68.97,32,100,7.74,overcast clouds
324,Thap Than,TH,15.4606,99.8917,73.02,78,100,2.46,overcast clouds
325,Sorland,NO,67.667,12.6934,39.94,60,36,14.67,scattered clouds
326,High Prairie,CA,55.4334,-116.4858,1.22,83,8,2.66,clear sky
327,Miajadas,ES,39.1513,-5.9084,61.59,69,14,4.74,few clouds
328,Qasigiannguit,GL,68.8193,-51.1922,-10.64,77,30,4.07,scattered clouds
329,Matagami,CA,49.7502,-77.6328,30.31,86,100,11.5,snow
330,Quatre Cocos,MU,-20.2078,57.7625,73.51,69,67,10.47,broken clouds
331,College,US,64.8569,-147.8028,21.15,89,100,0.0,overcast clouds
332,Adrar,MR,20.5022,-10.0711,88.09,11,66,9.28,broken clouds
333,Farah,AF,32.5,62.5,55.47,37,19,1.9,few clouds
334,Gizo,SB,-8.103,156.8419,82.54,77,100,11.68,moderate rain
335,Bandarbeyla,SO,9.4942,50.8122,80.1,78,26,10.74,light rain
336,Acari,PE,-15.4311,-74.6158,78.31,50,24,11.48,few clouds
337,Roebourne,AU,-20.7833,117.1333,72.21,61,0,16.28,clear sky
338,Pangnirtung,CA,66.1451,-65.7125,9.46,82,100,0.96,overcast clouds
339,Paita,PE,-5.0892,-81.1144,71.91,67,33,12.19,scattered clouds
340,Talgar,KZ,43.3027,77.2395,26.76,93,75,6.71,mist
341,Progreso,MX,21.2833,-89.6667,85.1,53,0,6.89,clear sky
342,Tateyama,JP,34.9833,139.8667,66.2,59,32,12.97,scattered clouds
343,Salvador,SV,13.8333,-88.9167,82.8,64,23,2.77,few clouds
344,Burnie,AU,-41.0667,145.9167,58.05,92,72,14.56,broken clouds
345,Xichang,CN,27.8964,102.2634,53.92,83,99,1.54,overcast clouds
346,Kholodnyy,RU,62.7167,147.95,-15.63,96,97,1.25,overcast clouds
347,Tilichiki,RU,60.4667,166.1,5.13,96,87,4.36,overcast clouds
348,Lhokseumawe,ID,5.1801,97.1507,77.45,87,49,3.04,scattered clouds
349,Faya,SA,18.3851,42.4509,61.32,70,2,3.8,clear sky
350,Itaqui,BR,-29.1253,-56.5531,84.2,27,5,11.23,clear sky
351,Elizabeth City,US,36.2946,-76.2511,68.02,67,100,21.85,overcast clouds
352,Puerto Madryn,AR,-42.7692,-65.0385,76.35,42,78,12.68,broken clouds
353,Flinders,AU,-34.5833,150.8552,59.18,82,0,5.99,clear sky
354,Komsomolskiy,UZ,40.4272,71.7189,36.32,87,10,6.91,clear sky
355,Esperance,AU,-33.8667,121.9,56.25,81,49,7.65,scattered clouds
356,Stoicanesti,RO,44.1833,24.6333,55.69,65,7,6.15,clear sky
357,Dhidhdhoo,MV,6.8833,73.1,80.24,79,81,9.19,broken clouds
358,Bayir,TR,37.2687,28.2167,55.92,52,2,3.69,clear sky
359,Voh,NC,-20.9667,164.7,72.01,86,97,7.16,overcast clouds
360,Pochutla,MX,15.7432,-96.4661,86.83,59,12,4.65,few clouds
361,Muravlenko,RU,63.7898,74.523,11.35,95,100,10.87,overcast clouds
362,Octeville,FR,49.6261,-1.6435,55.18,87,75,10.36,broken clouds
363,Sucua,EC,-2.4667,-78.1667,72.34,88,100,5.75,light rain
364,Mariental,NA,-24.6333,17.9667,85.89,12,0,5.32,clear sky
365,Baiao,BR,-2.7906,-49.6717,88.81,49,73,6.51,broken clouds
366,Esmeraldas,BR,-19.7625,-44.3139,83.26,44,43,8.39,scattered clouds
367,Severnyy,RU,50.677,36.5532,37.44,100,100,2.24,fog
368,Indramayu,ID,-6.3264,108.32,77.52,87,100,4.34,overcast clouds
369,Chushan,CN,33.2955,113.6528,59.09,72,18,2.62,few clouds
370,Lompoc,US,34.6391,-120.4579,54.79,91,0,3.44,clear sky
371,Sivaki,RU,52.6333,126.75,18.52,73,0,10.58,clear sky
372,Goderich,CA,43.7501,-81.7165,56.91,51,45,18.86,scattered clouds
373,Puerto Baquerizo Moreno,EC,-0.9,-89.6,74.39,69,20,16.11,few clouds
374,Vila Franca Do Campo,PT,37.7167,-25.4333,70.2,78,100,12.5,overcast clouds
375,Mbandaka,CD,0.0487,18.2603,73.89,91,100,5.3,overcast clouds
376,Zaysan,KZ,47.4667,84.8667,27.66,76,90,6.29,overcast clouds
377,Atar,MR,20.5169,-13.0499,95.22,9,63,5.23,broken clouds
378,Vanavara,RU,60.34,102.2797,19.69,91,100,10.47,overcast clouds
379,Port Augusta,AU,-32.5,137.7667,68.54,71,86,4.23,overcast clouds
380,Phan Thiet,VN,10.9333,108.1,76.42,83,94,3.22,overcast clouds
381,Qom,IR,34.6401,50.8764,55.13,24,3,5.39,clear sky
382,Puri,IN,19.8,85.85,72.12,64,29,5.82,scattered clouds
383,Bafq,IR,31.6128,55.4107,60.96,33,14,5.1,few clouds
384,Bereda,ES,43.2686,-7.5406,58.57,99,81,3.62,broken clouds
385,Marawi,PH,7.9986,124.2928,69.13,92,100,1.21,overcast clouds
386,Klaksvik,FO,62.2266,-6.589,49.12,91,91,19.44,light rain
387,Husavik,IS,66.0449,-17.3389,38.12,97,100,7.67,overcast clouds
388,Loukhi,RU,66.0764,33.0381,32.45,98,96,4.63,overcast clouds
389,Half Moon Bay,US,37.4636,-122.4286,54.82,88,75,3.44,mist
390,Port Hedland,AU,-20.3167,118.5667,71.65,78,0,10.36,clear sky
391,Belmonte,BR,-15.8631,-38.8828,77.92,78,100,8.41,overcast clouds
392,Zapolyarnyy,RU,69.4154,30.8136,31.28,93,94,5.68,overcast clouds
393,Grand Gaube,MU,-20.0064,57.6608,73.8,70,73,1.01,broken clouds
394,Gamba,GA,-2.65,10.0,77.56,86,100,8.1,overcast clouds
395,Stillwater,US,36.1156,-97.0584,75.81,77,75,20.71,broken clouds
396,Kulachi,PK,31.9286,70.4592,71.04,45,54,5.77,broken clouds
397,Khasan,RU,42.4308,130.6434,48.79,59,100,7.18,overcast clouds
398,Luwuk,ID,-0.9516,122.7875,77.68,90,100,3.13,overcast clouds
399,Narsaq,GL,60.9167,-46.05,35.82,83,100,2.19,overcast clouds
400,Ocampo,MX,21.65,-101.5,64.11,33,0,2.8,clear sky
401,Alpena,US,45.0617,-83.4327,52.12,64,100,11.5,overcast clouds
402,Chapais,CA,49.7834,-74.8492,35.19,42,100,12.71,light snow
403,Ancud,CL,-41.8697,-73.8203,56.52,82,98,5.39,overcast clouds
404,Pisco,PE,-13.7,-76.2167,69.85,64,0,11.5,clear sky
405,Yerbogachen,RU,61.2767,108.0108,18.88,93,100,11.97,light snow
406,Ngunguru,NZ,-35.6167,174.5,56.44,93,45,7.31,scattered clouds
407,Hudson Bay,CA,52.85,-102.3842,9.18,81,19,5.39,few clouds
408,Bechyne,CZ,49.2952,14.4681,46.76,82,87,5.21,overcast clouds
409,Praya,CV,14.9215,-23.5087,80.4,62,100,11.39,overcast clouds
410,Vikulovo,RU,56.8167,70.6107,29.86,97,100,12.08,light snow
411,Ulaangom,MN,49.9811,92.0667,29.08,53,69,12.55,broken clouds
412,Mehran,IR,33.1222,46.1646,74.23,20,100,5.12,overcast clouds
413,Chipata,ZM,-13.6333,32.65,78.22,42,92,7.38,overcast clouds
414,Naryan-Mar,RU,67.6713,53.087,18.52,96,30,5.91,scattered clouds
415,Cayenne,GF,4.9333,-52.3333,82.44,83,40,5.75,scattered clouds
416,Bela,IN,25.9333,81.9833,73.98,56,0,1.95,clear sky
417,Alice Springs,AU,-23.7,133.8833,71.15,64,91,6.91,overcast clouds
418,Saskatoon,CA,52.1168,-106.6345,-2.85,96,46,3.85,scattered clouds
419,Inta,RU,66.0317,60.1659,24.19,90,100,5.44,overcast clouds
420,Raudeberg,NO,61.9875,5.1352,47.86,64,100,20.78,light rain
421,Kaeo,NZ,-35.1,173.7833,56.32,95,71,4.23,broken clouds
422,Bela Vista,BR,-22.1089,-56.5211,91.92,28,56,2.95,broken clouds
423,Camacha,PT,33.0833,-16.3333,67.42,68,20,10.36,few clouds
424,San Cristobal,VE,7.7669,-72.225,80.78,56,97,1.05,overcast clouds
425,Ustye,RU,59.6304,39.736,40.62,99,100,6.55,light rain
426,Xiazhen,CN,34.8022,117.1117,55.94,87,33,6.53,scattered clouds
427,Kokopo,PG,-4.352,152.2633,76.96,84,74,3.91,broken clouds
428,Kota Tinggi,MY,1.7381,103.8999,78.84,95,99,3.67,overcast clouds
429,Port-Cartier,CA,50.0334,-66.8654,33.75,36,61,5.82,broken clouds
430,Tocopilla,CL,-22.092,-70.1979,67.78,62,9,5.26,clear sky
431,Dourbali,TD,11.8091,15.8632,89.73,18,11,8.12,few clouds
432,Aitape,PG,-3.1374,142.3475,77.0,92,98,5.39,moderate rain
433,Anadyr,RU,64.75,177.4833,15.49,85,100,7.47,light snow
434,Fomboni,KM,-12.28,43.7425,78.37,82,1,16.15,clear sky
435,Salalah,OM,17.0151,54.0924,80.69,69,0,4.61,clear sky
436,Biak,ID,-0.9131,122.8766,76.19,88,100,2.8,overcast clouds
437,Culebra,PR,18.303,-65.301,84.24,76,63,11.23,broken clouds
438,Teofilo Otoni,BR,-17.8575,-41.5053,86.94,31,100,4.32,overcast clouds
439,Alekseyevskoye,RU,55.3071,50.1135,38.23,93,99,13.38,overcast clouds
440,Ilmajoki,FI,62.7333,22.5667,34.36,100,100,6.91,snow
441,Teahupoo,PF,-17.8333,-149.2667,75.16,82,27,14.23,light rain
442,Yanji,CN,42.9075,129.5078,43.16,76,98,4.0,overcast clouds
443,Palmer,US,42.1584,-72.3287,50.52,38,0,1.01,clear sky
444,Kandrian,PG,-6.2167,149.55,77.61,85,86,3.09,light rain
445,Lincoln,US,40.8,-96.667,73.31,74,100,21.85,overcast clouds
446,Mayor Pablo Lagerenza,PY,-19.9309,-60.7718,103.64,15,0,11.68,clear sky
447,Port-Gentil,GA,-0.7193,8.7815,78.76,94,100,13.8,light rain
448,Bedesa,ET,8.9,40.7833,63.37,81,94,2.62,light rain
449,Srednekolymsk,RU,67.45,153.6833,-10.05,99,100,2.1,overcast clouds
450,Kruisfontein,ZA,-34.0033,24.7314,61.88,78,26,12.88,scattered clouds
451,Humberto De Campos,BR,-2.5983,-43.4611,89.58,46,84,10.89,broken clouds
452,Innisfail,AU,-17.5333,146.0333,74.79,78,75,6.02,broken clouds
453,Shingu,JP,33.7333,135.9833,52.59,73,0,5.73,clear sky
454,Dajal,PK,29.5577,70.3762,74.21,35,15,3.53,few clouds
455,Faanui,PF,-16.4833,-151.75,79.09,76,34,13.51,scattered clouds
456,Aurad,IN,18.25,77.4333,66.02,58,0,4.27,clear sky
457,Sao Miguel Do Araguaia,BR,-13.275,-50.1628,90.05,45,15,3.49,few clouds
458,Yulara,AU,-25.2406,130.9889,77.25,30,47,1.83,scattered clouds
459,Starkville,US,33.4504,-88.8184,69.67,24,0,11.5,clear sky
460,Lubango,AO,-14.9172,13.4925,68.29,42,60,9.22,broken clouds
461,Pangai,TO,-19.8,-174.35,77.11,78,75,17.27,broken clouds
462,Muroto,JP,33.2833,134.15,65.32,65,1,5.79,clear sky
463,Yumen,CN,40.2833,97.2,36.52,42,67,12.55,broken clouds
464,Vilyuysk,RU,63.7553,121.6247,-1.52,100,100,4.45,overcast clouds
465,Ambilobe,MG,-13.2,49.05,78.03,60,80,5.19,broken clouds
466,Ironton,US,38.5368,-82.6829,71.85,26,0,9.22,clear sky
467,Eirunepe,BR,-6.6603,-69.8736,100.72,29,35,1.21,scattered clouds
468,Yaan,NG,7.3833,8.5667,85.3,41,65,1.61,broken clouds
469,Maceio,BR,-9.6658,-35.7353,87.24,58,40,14.97,scattered clouds
470,Pemangkat,ID,1.1667,108.9667,78.64,86,100,6.29,moderate rain
471,Beisfjord,NO,68.3751,17.5988,35.65,83,5,10.58,clear sky
472,Sur,OM,22.5667,59.5289,79.92,67,0,2.46,clear sky
473,Kushima,JP,31.4583,131.2333,60.82,74,3,2.75,clear sky
474,Umm Kaddadah,SD,13.6017,26.6876,81.03,16,5,10.6,clear sky
475,Uchiza,PE,-8.4592,-76.4633,89.67,46,57,2.06,broken clouds
476,Mountmellick,IE,53.1136,-7.32,52.77,84,85,4.0,overcast clouds
477,Savonlinna,FI,61.8699,28.88,35.65,100,100,4.61,mist
478,Chingirlau,KZ,51.095,54.0814,28.11,90,100,7.54,overcast clouds
479,San Policarpo,PH,12.1791,125.5072,79.41,86,100,6.82,overcast clouds
480,Henties Bay,NA,-22.116,14.2845,61.68,82,1,10.76,clear sky
481,Noumea,NC,-22.2763,166.4572,75.99,99,72,7.43,broken clouds
482,Balabac,PH,7.9868,117.0645,81.68,82,98,10.27,overcast clouds
483,Lata,PT,40.1629,-8.3327,63.91,83,70,3.02,broken clouds
484,Kaniama,CD,-7.5667,24.1833,66.24,98,100,6.06,light rain
485,Verkhnevilyuysk,RU,63.4453,120.3167,0.18,99,98,3.31,overcast clouds
486,Coromandel,BR,-18.4733,-47.2003,80.31,48,51,6.35,broken clouds
487,Itambacuri,BR,-18.0311,-41.685,87.19,34,100,3.98,overcast clouds
488,Karatau,KZ,43.1667,70.4667,35.44,76,21,4.21,few clouds
489,Alyangula,AU,-13.8483,136.4192,82.08,76,1,6.93,clear sky
490,Valparaiso,CL,-33.0393,-71.6273,60.44,87,100,13.8,overcast clouds
491,Khuzhir,RU,53.1939,107.3397,29.64,61,71,6.38,broken clouds
492,Finschhafen,PG,-6.6024,147.8681,79.5,81,100,7.38,overcast clouds
493,Hofn,IS,64.2539,-15.2082,44.62,76,75,9.22,broken clouds
494,Ifanadiana,MG,-21.3,47.6333,68.67,87,66,2.64,broken clouds
495,Nantucket,US,41.2835,-70.0995,53.71,63,20,5.75,few clouds
496,Shahr-E Kord,IR,32.3256,50.8644,49.77,53,40,4.61,scattered clouds
497,Severo-Kurilsk,RU,50.6789,156.125,34.12,65,16,8.46,few clouds
498,Kaifeng,CN,34.7911,114.3483,58.24,65,90,4.41,overcast clouds
499,Bara,NG,10.3744,10.7288,84.67,23,72,5.53,broken clouds
500,Sulangan,PH,11.1373,123.7228,82.13,79,97,19.53,overcast clouds
501,Hualmay,PE,-11.0964,-77.6139,68.38,72,27,9.98,scattered clouds
502,Albanel,CA,48.8832,-72.4487,33.94,64,94,9.22,overcast clouds
503,Fort Nelson,CA,58.8053,-122.7002,-13.41,70,20,0.0,few clouds
504,Tura,IN,25.5198,90.2201,65.3,93,16,3.76,few clouds
505,Maltahohe,NA,-24.8333,16.9833,79.21,12,0,18.84,clear sky
506,Jamame,SO,0.0722,42.7506,78.51,81,75,8.19,broken clouds
507,Begun,IN,24.9833,75.0,71.96,41,36,2.98,scattered clouds
508,Llanes,ES,43.4198,-4.7549,62.89,77,50,3.98,scattered clouds
509,Mehamn,NO,71.0357,27.8492,33.71,93,20,6.91,few clouds
510,Sambava,MG,-14.2667,50.1667,73.17,84,73,8.19,broken clouds
511,Soller,ES,39.7662,2.7152,70.92,70,95,3.76,overcast clouds
512,Amahai,ID,-3.3333,128.9167,78.67,86,93,2.98,overcast clouds
513,Rio Grande,BR,-32.035,-52.0986,77.11,67,27,11.01,scattered clouds
514,Saint-Pierre,RE,-21.3393,55.4781,74.88,69,0,10.36,clear sky
515,Butembo,CD,0.15,29.2833,57.34,99,100,3.09,overcast clouds
516,Alto Araguaia,BR,-17.3147,-53.2153,93.33,20,0,9.57,clear sky
517,Solwezi,ZM,-12.1688,26.3894,63.48,94,100,3.6,overcast clouds
518,Ust-Kulom,RU,61.6864,53.6902,32.52,100,100,2.93,snow
519,Inhambane,MZ,-23.865,35.3833,76.91,84,60,14.34,light rain
520,Puntarenas,CR,9.9763,-84.8384,81.79,77,75,4.43,broken clouds
521,Graham,US,47.0529,-122.2943,38.12,87,0,3.0,clear sky
522,Indore,IN,22.7179,75.8333,69.98,56,38,0.0,haze
523,Kanniyakumari,IN,8.0833,77.5667,79.65,80,87,10.76,overcast clouds
524,Natal,BR,-5.795,-35.2094,86.65,61,40,14.97,scattered clouds
525,Sao Gabriel Da Cachoeira,BR,-0.1303,-67.0892,76.8,88,75,5.75,broken clouds
526,Labytnangi,RU,66.6572,66.4183,8.42,96,90,5.75,overcast clouds
527,Kalispell,US,48.1958,-114.3129,19.67,79,0,5.75,clear sky
528,Thinadhoo,MV,0.5333,72.9333,82.35,72,90,16.24,overcast clouds
529,Along,IN,28.1667,94.7667,59.74,87,1,1.83,clear sky
530,Mengcheng,CN,33.2579,116.5655,60.53,77,10,6.02,clear sky
531,Nome,US,64.5011,-165.4064,33.87,69,100,9.22,overcast clouds
532,Severodvinsk,RU,64.5635,39.8302,32.11,96,100,3.91,light snow
533,Miri,MY,4.4148,114.0089,80.74,83,40,2.3,scattered clouds
534,Kailua,US,21.4022,-157.7394,76.98,80,26,3.0,scattered clouds
535,Gornyak,RU,50.9942,81.4661,22.32,87,48,9.66,scattered clouds
536,Cabra,ES,37.4725,-4.4421,59.97,76,51,2.35,broken clouds
537,Baraki Barak,AF,33.9675,68.9486,46.53,51,63,3.4,broken clouds
538,Poronaysk,RU,49.2167,143.1167,38.68,69,93,16.33,overcast clouds
539,Tomatlan,MX,19.9333,-105.25,83.97,60,1,2.48,clear sky
540,Baruun-Urt,MN,46.6806,113.2792,30.02,53,75,2.93,broken clouds
541,Hambantota,LK,6.1241,81.1185,78.15,84,100,3.4,overcast clouds
542,Cuamba,MZ,-14.8031,36.5372,87.01,24,97,3.91,overcast clouds
543,Collie,AU,-33.3667,116.15,48.49,96,0,1.77,clear sky
544,Port Hardy,CA,50.6996,-127.4199,28.58,93,20,4.61,few clouds
545,Aripuana,BR,-9.1667,-60.6333,100.51,26,60,0.67,broken clouds
546,Namibe,AO,-15.1961,12.1522,70.14,71,3,15.61,clear sky
547,Maniwaki,CA,46.3834,-75.966,43.18,42,54,11.5,broken clouds
548,Barra Patuca,HN,15.8,-84.2833,80.78,76,14,13.49,light rain
549,Contai,IN,21.7786,87.7536,72.14,62,8,3.18,clear sky
550,Matsusaka,JP,34.5667,136.5333,53.49,69,17,3.8,few clouds
551,Muhos,FI,64.808,25.9931,20.98,92,87,3.96,overcast clouds
552,Trelew,AR,-43.249,-65.3051,86.02,20,82,5.84,broken clouds
553,San Luis,AR,-33.295,-66.3356,85.08,22,71,22.75,broken clouds
554,Alta Floresta,BR,-9.8756,-56.0861,91.22,52,75,4.61,broken clouds
555,Cam Ranh,VN,11.9214,109.1591,82.36,65,75,9.22,broken clouds
556,Goundi,TD,9.3627,17.366,85.08,34,14,1.97,few clouds
557,Port Alberni,CA,49.2413,-124.8028,44.44,47,35,0.4,scattered clouds
558,Berlevag,NO,70.8578,29.0864,33.75,80,40,5.75,scattered clouds
559,Les Cayes,HT,18.2,-73.75,83.57,60,16,9.1,few clouds
560,Manbij,SY,36.5281,37.9549,56.68,72,66,9.53,broken clouds
561,Mezhdurechensk,RU,53.6942,88.0603,27.48,95,99,5.68,light snow
562,Kahramanmaras,TR,38.0,37.0,43.79,85,95,2.75,overcast clouds
563,Ostrovnoy,RU,68.0531,39.5131,34.5,93,99,8.03,overcast clouds
564,Elban,RU,50.1018,136.5094,27.91,46,1,9.82,clear sky
565,New Waterford,US,40.8451,-80.6145,61.54,32,54,7.99,broken clouds
566,Jumla,NP,29.2747,82.1838,42.04,84,35,5.1,scattered clouds
567,Havoysund,NO,70.9963,24.6622,37.63,80,11,14.38,few clouds
568,Asau,RO,46.4333,26.4,43.72,76,10,3.29,clear sky
569,Tamandare,BR,-8.7597,-35.1047,83.66,63,17,9.78,few clouds
570,Huallanca,PE,-9.8993,-76.9417,57.56,51,69,2.93,broken clouds
571,Song Phi Nong,TH,14.2241,100.0209,73.35,71,99,6.35,overcast clouds
572,Tuatapere,NZ,-46.1333,167.6833,39.06,91,4,3.91,clear sky
573,Zheshart,RU,62.0731,49.5733,32.74,99,100,1.95,overcast clouds
574,Pansoy,PH,13.1825,122.5989,78.21,85,80,8.66,broken clouds
575,Orichi,RU,58.4036,49.0572,36.43,98,100,7.87,overcast clouds
576,Madaoua,NE,14.073,5.96,87.93,16,0,4.23,clear sky
577,Uinskoye,RU,56.8817,56.5813,33.33,98,100,9.46,overcast clouds
578,Broome,US,42.2506,-75.833,55.71,39,0,10.36,clear sky
579,Sao Jose Da Coroa Grande,BR,-8.8978,-35.1478,83.12,65,13,9.8,few clouds
580,Uruzgan,AF,32.8333,66.0,51.01,58,100,5.1,light rain
581,Poum,NC,-20.2333,164.0167,76.12,75,57,20.27,broken clouds
582,Labuan,MY,5.2767,115.2417,79.16,94,20,3.44,few clouds
583,Hamilton,US,39.1834,-84.5333,70.59,32,0,6.91,clear sky
584,Hinckley,GB,52.5389,-1.3761,52.16,85,53,4.0,broken clouds
585,Korla,CN,41.7597,86.1469,49.44,36,100,7.0,overcast clouds
586,Homnabad,IN,17.7667,77.1333,66.07,58,2,8.3,clear sky
587,Angoram,PG,-4.0625,144.0661,72.12,99,100,1.97,overcast clouds
588,Pingliang,CN,35.5392,106.6861,47.07,88,62,2.93,broken clouds
589,Phalaborwa,ZA,-23.943,31.1411,88.3,31,10,2.93,clear sky
590,Deep River,CA,46.1001,-77.4995,40.95,32,70,8.08,broken clouds
591,Teknaf,BD,20.8624,92.3058,71.94,76,18,6.4,few clouds
592,Novokruchininskiy,RU,51.7833,113.7667,4.73,95,80,1.48,broken clouds
593,Batagay-Alyta,RU,67.8006,130.4114,-16.74,92,68,4.41,broken clouds
594,Ahuimanu,US,21.4447,-157.8378,76.71,79,20,9.22,few clouds
595,San Joaquin,US,37.9333,-121.3011,55.54,87,75,9.22,broken clouds
596,Abu Samrah,SY,35.3029,37.1841,61.3,56,65,7.11,broken clouds
597,Prenzlau,DE,53.3167,13.8667,56.71,88,100,8.14,light rain
598,Ivnya,RU,51.0629,36.1343,41.36,89,52,6.13,broken clouds
599,Tabora,TZ,-5.0167,32.8,78.39,45,100,12.06,overcast clouds
600,San Roque,ES,36.2107,-5.3842,70.63,60,20,11.5,few clouds
601,Humaita,BR,-7.5061,-63.0208,102.4,28,74,3.71,broken clouds
602,Igarka,RU,67.4667,86.5833,-13.52,99,66,8.03,broken clouds
603,Maracas,BR,-13.4411,-40.4308,77.13,50,99,6.98,overcast clouds
604,Raisio,FI,60.4859,22.169,51.04,93,100,10.36,overcast clouds
605,Nalut,LY,30.3333,10.85,67.55,26,73,5.5,broken clouds
606,Muros,ES,42.7762,-9.0603,62.15,91,93,9.15,overcast clouds
607,Chara,RU,56.9064,118.2631,6.85,69,39,2.64,scattered clouds
608,Mount Isa,AU,-20.7333,139.5,73.17,73,99,8.05,overcast clouds
609,Ladario,BR,-19.0047,-57.6017,100.49,20,0,6.91,clear sky
610,Williams Lake,CA,52.1415,-122.1445,-4.31,94,87,1.61,overcast clouds
611,Aksarka,RU,66.5606,67.7975,4.68,97,83,4.0,broken clouds
612,Hay River,CA,60.8156,-115.7999,3.18,72,75,9.22,broken clouds
613,Kendari,ID,-3.945,122.4989,76.37,91,86,2.48,overcast clouds
614,Puerto Rico,AR,-26.796,-55.024,88.77,21,36,2.73,scattered clouds
615,Lively,CA,46.4334,-81.1498,47.01,76,95,11.32,overcast clouds
616,Tahoua,NE,14.8888,5.2692,87.17,15,1,2.93,clear sky
617,Erzin,TR,36.9559,36.2,59.77,67,47,6.82,scattered clouds
618,Ilo,PE,-17.6394,-71.3375,68.86,64,0,10.36,clear sky
619,Gejiu,CN,23.306,103.1635,46.51,93,0,1.97,clear sky
620,Owando,CG,-0.4819,15.8999,74.5,89,93,4.32,overcast clouds
621,Teeli,RU,51.0333,90.2333,19.96,75,100,4.12,overcast clouds
622,Praia Da Vitoria,PT,38.7333,-27.0667,68.76,83,40,21.65,scattered clouds
623,Punta De Bombon,PE,-17.1717,-71.7931,66.92,74,2,7.16,clear sky
624,Barbacoas,CO,1.6715,-78.1398,80.19,78,100,3.76,light rain
625,Galiakot,IN,23.5167,74.0,78.13,35,1,4.79,clear sky
626,Chipinge,ZW,-20.1883,32.6236,65.03,94,41,3.13,moderate rain
627,Claremorris,IE,53.7167,-9.0,53.35,87,97,18.61,overcast clouds
628,Ucluelet,CA,48.9329,-125.5528,34.11,58,15,3.6,few clouds
629,Poddorye,RU,57.4695,31.1156,47.82,83,98,10.33,overcast clouds
630,Kiruna,SE,67.8557,20.2251,25.72,93,100,4.61,overcast clouds
631,Muzhi,RU,65.3667,64.6667,15.37,96,96,6.49,overcast clouds
632,Altamont,US,42.2068,-121.7372,32.99,93,75,1.99,broken clouds
633,Puebloviejo,CO,10.9938,-74.2844,79.48,73,54,7.0,light rain
634,Omboue,GA,-1.5746,9.2618,77.94,86,100,9.1,light rain
635,Odweyne,SO,9.4092,45.064,78.49,48,56,10.87,broken clouds
636,Margate,GB,51.3813,1.3862,52.9,76,52,1.99,broken clouds
637,Camargo,MX,27.6667,-105.1667,75.52,41,29,10.65,scattered clouds
638,Pueblo,US,38.2545,-104.6091,71.55,18,0,5.01,clear sky
639,Bahia Blanca,AR,-38.7196,-62.2724,88.57,18,100,13.67,overcast clouds
640,Verkhnyaya Inta,RU,65.9811,60.3094,23.52,89,100,5.53,overcast clouds
641,Hollister,US,36.8525,-121.4016,52.14,91,40,0.0,scattered clouds
642,Bonnyville,CA,54.2668,-110.735,2.52,97,84,2.84,broken clouds
643,Phetchaburi,TH,12.9667,99.5833,71.17,79,100,4.16,overcast clouds
644,Boende,CD,-0.2167,20.8667,72.39,95,99,2.42,overcast clouds
645,Areia Branca,BR,-4.9561,-37.1369,98.8,58,97,16.06,overcast clouds
646,Eyl,SO,7.9803,49.8164,79.39,76,25,12.06,scattered clouds
647,Montepuez,MZ,-13.1256,38.9997,78.51,57,58,12.01,broken clouds
648,Mount Gambier,AU,-37.8333,140.7667,71.82,48,99,13.2,moderate rain
649,Comodoro Rivadavia,AR,-45.8667,-67.5,76.86,19,0,14.97,clear sky
650,Liverpool,GB,53.4106,-2.9779,53.55,80,0,10.36,clear sky
651,Taua,BR,-5.9667,-40.3,90.55,32,73,9.28,broken clouds
652,Steamboat Springs,US,40.485,-106.8317,57.54,16,4,21.0,clear sky
653,Zgierz,PL,51.8556,19.4062,50.25,88,95,5.75,overcast clouds
654,Bundaberg,AU,-24.85,152.35,62.22,92,9,4.0,clear sky
655,Shimoda,JP,34.6667,138.95,54.1,69,13,9.19,few clouds
656,Dalbandin,PK,28.8947,64.4101,69.37,37,17,2.68,few clouds
657,Cheney,US,47.4874,-117.5758,24.82,76,20,9.22,few clouds
658,Huambo,AO,-12.7761,15.7392,72.45,48,55,10.56,broken clouds
659,Senneterre,CA,48.3835,-77.2328,35.62,49,100,12.84,overcast clouds
660,Bud,US,39.447,-86.1758,67.82,42,51,5.46,broken clouds
661,Majene,ID,-3.5403,118.9707,77.95,86,100,2.68,overcast clouds
662,Vwawa,TZ,-9.1167,32.9333,69.73,47,96,3.65,overcast clouds
663,Jiazi,CN,22.8779,116.067,71.19,91,3,10.16,clear sky
664,Mpika,ZM,-11.8343,31.4529,65.97,77,100,5.99,overcast clouds
665,Sorong,ID,-0.8833,131.25,79.25,83,100,2.84,overcast clouds
666,Banff,CA,51.1762,-115.5698,24.76,75,26,0.54,scattered clouds
667,Ascension,US,30.2169,-90.9001,82.08,61,0,6.91,clear sky
668,Garowe,SO,8.4054,48.4845,78.26,68,40,18.72,scattered clouds
669,Sarangani,PH,5.4033,125.4636,82.72,74,92,5.48,overcast clouds
670,Amzya,RU,56.2354,54.3868,34.39,98,100,9.22,overcast clouds
671,Luklukan,PH,14.3254,122.7124,78.33,92,83,7.65,broken clouds
672,Rorvik,NO,64.8621,11.2373,41.11,70,100,12.66,overcast clouds
673,Zhigansk,RU,66.7697,123.3711,-6.23,97,100,12.12,overcast clouds
674,Coahuayana,MX,18.7333,-103.6833,85.53,64,18,3.15,few clouds
675,Krasnokamensk,RU,50.0979,118.0369,17.87,72,100,1.59,overcast clouds
676,Rio Gallegos,AR,-51.6226,-69.2181,57.25,41,75,23.02,light rain
677,Iquique,CL,-20.2208,-70.1431,69.84,64,2,7.0,clear sky
678,Oktyabrskiy,RU,54.4815,53.471,34.03,93,100,12.97,overcast clouds
679,Yining,CN,29.0361,114.5636,62.89,71,0,1.16,clear sky
680,Lakes Entrance,AU,-37.8811,147.981,57.16,85,6,5.32,clear sky
681,Matara,LK,5.9485,80.5353,76.26,91,100,3.42,overcast clouds
682,Awjilah,LY,29.1081,21.2869,69.51,47,8,9.08,clear sky
683,Leshukonskoye,RU,64.8989,45.7622,32.88,97,100,4.79,overcast clouds
684,Conde,BR,-7.2597,-34.9075,85.46,58,75,11.5,broken clouds
685,Angoche,MZ,-16.2325,39.9086,80.67,72,44,20.2,scattered clouds
686,Kontagora,NG,10.3999,5.4695,85.78,27,27,2.33,scattered clouds
687,North Battleford,CA,52.7834,-108.2847,-3.91,84,100,4.61,overcast clouds
688,Turan,VN,16.0678,108.2208,76.98,83,40,0.0,scattered clouds
689,Trincomalee,LK,8.5711,81.2335,77.97,81,100,3.13,overcast clouds
690,Lavrentiya,RU,65.5833,-171.0,22.1,85,99,7.05,overcast clouds
691,Nelson Bay,AU,-32.7167,152.15,62.01,93,11,1.01,few clouds
692,Nobeoka,JP,32.5833,131.6667,57.58,88,0,4.54,clear sky
693,Kedougou,SN,12.5579,-12.1743,93.92,16,51,4.23,broken clouds
694,Sept-Iles,CA,50.2001,-66.3821,34.32,50,100,11.5,overcast clouds
695,Balkanabat,TM,39.5108,54.3671,50.59,33,0,11.99,clear sky
696,Bouna,CI,9.2667,-3.0,90.88,25,45,2.62,scattered clouds
697,Baraboo,US,43.4711,-89.7443,61.7,66,100,12.66,overcast clouds
698,Sao Felix Do Xingu,BR,-6.6447,-51.995,86.74,58,95,4.0,overcast clouds
699,Tumaco,CO,1.7986,-78.8156,79.14,73,90,12.17,overcast clouds
700,Zelenets,RU,61.8849,50.7489,34.05,100,100,2.62,light snow
701,Cherkasskoye,RU,52.4333,47.2167,38.23,84,96,8.03,overcast clouds
702,Linhares,BR,-19.3911,-40.0722,85.44,43,88,8.57,overcast clouds
703,Abu Dhabi,AE,24.4667,54.3667,84.31,69,0,8.05,clear sky
704,Imbituba,BR,-28.24,-48.6703,69.46,68,6,6.11,clear sky
705,Shenjiamen,CN,29.9576,122.298,67.71,91,20,6.55,few clouds
